{
  "lower": [
    19.9,
    7.6612,
    1.2307000000000001,
    0.2,
    0.22146,
    0.06746,
    0.12,
    0.1774545112,
    0.26230000000000003,
    0.03,
    0.07
  ],
  "upper": [
    67.731,
    41.6,
    46.61099999999992,
    24.3777,
    12.660899999999996,
    3.8853999999999997,
    5.160199999999995,
    23.036613839999994,
    2.920170311169996,
    3.018699999999994,
    2.0330999999999992
  ]
}